target_stage,n_gaps,mean_impact,mean_detect,immunity_score
P1,16,100.0,0.7610721254710946,37.66432752826567
P4,18,100.0,0.7663157955801926,36.978947734811555
P5,15,100.0,0.7776624349881591,39.15974609928955
P6,1,100.0,0.7794424303700943,46.26654582220566
