,monitor,raise_alert,isolate_stage,safe_shutdown
normal,0.0,0.0,0.0,0.0
low,9.99999999999996,8.49999999999996,8.49999999999996,8.49999999999996
medium,0.0,0.0,0.0,0.0
high,17.49999999999992,17.49999999999992,19.99999999999992,17.49999999999992
critical,26.49999999999992,26.49999999999992,26.49999999999992,29.99999999999992
